{
    "Mean.ip": [
        140.5625,
        99.3671875,
        103.015625,
        48.2421875
    ],
    "Skewness.ip": [
        -0.699648398,
        4.154106043,
        1.051164429,
        10.88874578
    ],
    "Excess.kurtosis.ip": [
        -0.234571412,
        1.547196967,
        0.323328365,
        2.935560303
    ],
    "std.DMSNR.curve": [
        19.11042644,
        61.71901588,
        21.74466875,
        59.73772038
    ],
    "target.class":[
        0,
        1,
        0,
        1
    ]
}